comment_id,stakeholder_type,target_clause,comment_text,cleaned_text,sentiment_score,legal_intent
C-001,Citizen,Clause 4A,Clause 4A should be revised to require independent third-party audits rather than self-certification alone.,clause 4a should be revised to require independent thirdparty audits rather than selfcertification alone.,0.0,Neutral / Clarification
C-002,Corporate Lawyer,Section 12,This is a welcome step; Section 12 will help protect the personal data of ordinary citizens like me.,this is a welcome step section 12 will help protect the personal data of ordinary citizens like me.,0.18,Support
C-003,Citizen,General,I fully support General as it brings much-needed transparency to corporate reporting practices.,i fully support general as it brings muchneeded transparency to corporate reporting practices.,0.03,Neutral / Clarification
C-004,Citizen,Section 12,I fully support Section 12 as it brings much-needed transparency to corporate reporting practices.,i fully support section 12 as it brings muchneeded transparency to corporate reporting practices.,0.0,Neutral / Clarification
C-005,Corporate Lawyer,General,"Our organization welcomes General, as it strengthens board-level accountability for data breaches.","our organization welcomes general, as it strengthens boardlevel accountability for data breaches.",0.05,Neutral / Clarification
C-006,Enterprise,Clause 4A,Clause 4A is a progressive move that will build public trust in how companies handle consumer data.,clause 4a is a progressive move that will build public trust in how companies handle consumer data.,0.0,Neutral / Clarification
C-007,Enterprise,Clause 9(b),"As a long-time observer of corporate governance issues, I appreciate that Clause 9(b) finally addresses accountability gaps.","as a longtime observer of corporate governance issues, i appreciate that clause 9b finally addresses accountability gaps.",0.0,Neutral / Clarification
C-008,Enterprise,Clause 4A,Clause 4A is a progressive move that will build public trust in how companies handle consumer data.,clause 4a is a progressive move that will build public trust in how companies handle consumer data.,0.0,Neutral / Clarification
C-009,Citizen,Clause 9(b),Clause 9(b) fails to account for the operational realities of startups with limited compliance resources.,clause 9b fails to account for the operational realities of startups with limited compliance resources.,-0.29,Oppose
C-010,Citizen,General,It would be helpful if General provided a phased implementation timeline of at least 18 months for enterprises.,it would be helpful if general provided a phased implementation timeline of at least 18 months for enterprises.,-0.12,Oppose
C-011,NGO,Clause 4A,Clause 4A should be revised to require independent third-party audits rather than self-certification alone.,clause 4a should be revised to require independent thirdparty audits rather than selfcertification alone.,0.0,Neutral / Clarification
C-012,Enterprise,Section 12,It would be helpful if Section 12 provided a phased implementation timeline of at least 18 months for enterprises.,it would be helpful if section 12 provided a phased implementation timeline of at least 18 months for enterprises.,-0.3,Oppose
C-013,Citizen,Section 12,"We strongly oppose Section 12 as it duplicates existing obligations under the IT Act, creating regulatory overlap.","we strongly oppose section 12 as it duplicates existing obligations under the it act, creating regulatory overlap.",0.43,Support
C-014,Corporate Lawyer,Clause 4A,Clause 4A fails to account for the operational realities of startups with limited compliance resources.,clause 4a fails to account for the operational realities of startups with limited compliance resources.,-0.29,Oppose
C-015,NGO,Clause 9(b),We endorse Clause 9(b) in its current form since it closes several loopholes exploited by non-compliant firms.,we endorse clause 9b in its current form since it closes several loopholes exploited by noncompliant firms.,0.0,Neutral / Clarification
C-016,Enterprise,Section 12,Section 12 should be revised to require independent third-party audits rather than self-certification alone.,section 12 should be revised to require independent thirdparty audits rather than selfcertification alone.,0.0,Neutral / Clarification
C-017,Citizen,Section 12,We suggest that Section 12 explicitly reference the applicable grievance redressal mechanism for affected individuals.,we suggest that section 12 explicitly reference the applicable grievance redressal mechanism for affected individuals.,0.0,Amendment Suggestion
C-018,Corporate Lawyer,General,General fails to account for the operational realities of startups with limited compliance resources.,general fails to account for the operational realities of startups with limited compliance resources.,-0.17,Oppose
C-019,Corporate Lawyer,Clause 9(b),"As a long-time observer of corporate governance issues, I appreciate that Clause 9(b) finally addresses accountability gaps.","as a longtime observer of corporate governance issues, i appreciate that clause 9b finally addresses accountability gaps.",0.0,Neutral / Clarification
C-020,Citizen,Clause 9(b),Clause 9(b) fails to account for the operational realities of startups with limited compliance resources.,clause 9b fails to account for the operational realities of startups with limited compliance resources.,-0.29,Oppose
C-021,Citizen,Section 12,A carve-out for micro-enterprises should be introduced under Section 12 to prevent disproportionate impact.,a carveout for microenterprises should be introduced under section 12 to prevent disproportionate impact.,0.0,Neutral / Clarification
C-022,Corporate Lawyer,General,General as currently worded may conflict with existing sector-specific data protection frameworks.,general as currently worded may conflict with existing sectorspecific data protection frameworks.,0.03,Neutral / Clarification
C-023,Corporate Lawyer,Clause 9(b),"As a long-time observer of corporate governance issues, I appreciate that Clause 9(b) finally addresses accountability gaps.","as a longtime observer of corporate governance issues, i appreciate that clause 9b finally addresses accountability gaps.",0.0,Neutral / Clarification
C-024,Enterprise,General,We propose that General include a sunset review clause to reassess its effectiveness after three years.,we propose that general include a sunset review clause to reassess its effectiveness after three years.,0.05,Amendment Suggestion
C-025,Enterprise,Section 12,"Our organization welcomes Section 12, as it strengthens board-level accountability for data breaches.","our organization welcomes section 12, as it strengthens boardlevel accountability for data breaches.",0.0,Neutral / Clarification
C-026,Citizen,Clause 4A,"Clause 4A strikes a fair balance between compliance burden and data protection, and should be retained as drafted.","clause 4a strikes a fair balance between compliance burden and data protection, and should be retained as drafted.",0.7,Support
C-027,Corporate Lawyer,General,It would be helpful if General provided a phased implementation timeline of at least 18 months for enterprises.,it would be helpful if general provided a phased implementation timeline of at least 18 months for enterprises.,-0.12,Oppose
C-028,NGO,General,Kindly clarify under General whether cross-border data transfers to group entities are covered or excluded.,kindly clarify under general whether crossborder data transfers to group entities are covered or excluded.,0.33,Support
C-029,Enterprise,Clause 4A,It would be helpful if Clause 4A provided a phased implementation timeline of at least 18 months for enterprises.,it would be helpful if clause 4a provided a phased implementation timeline of at least 18 months for enterprises.,-0.3,Oppose
C-030,Enterprise,Clause 9(b),The intent behind Clause 9(b) is commendable and aligns well with global best practices on data privacy.,the intent behind clause 9b is commendable and aligns well with global best practices on data privacy.,0.2,Support
C-031,NGO,Section 12,Section 12 imposes an unreasonable compliance burden on small and medium enterprises without adequate justification.,section 12 imposes an unreasonable compliance burden on small and medium enterprises without adequate justification.,0.04,Neutral / Clarification
C-032,Enterprise,Section 12,It would be helpful if Section 12 provided a phased implementation timeline of at least 18 months for enterprises.,it would be helpful if section 12 provided a phased implementation timeline of at least 18 months for enterprises.,-0.3,Oppose
C-033,Enterprise,Section 12,We endorse Section 12 in its current form since it closes several loopholes exploited by non-compliant firms.,we endorse section 12 in its current form since it closes several loopholes exploited by noncompliant firms.,0.0,Neutral / Clarification
C-034,Corporate Lawyer,Clause 4A,A carve-out for micro-enterprises should be introduced under Clause 4A to prevent disproportionate impact.,a carveout for microenterprises should be introduced under clause 4a to prevent disproportionate impact.,0.0,Neutral / Clarification
C-035,NGO,Clause 4A,We endorse Clause 4A in its current form since it closes several loopholes exploited by non-compliant firms.,we endorse clause 4a in its current form since it closes several loopholes exploited by noncompliant firms.,0.0,Neutral / Clarification
C-036,Enterprise,Section 12,"As a long-time observer of corporate governance issues, I appreciate that Section 12 finally addresses accountability gaps.","as a longtime observer of corporate governance issues, i appreciate that section 12 finally addresses accountability gaps.",0.0,Neutral / Clarification
C-037,Citizen,Clause 4A,Kindly clarify under Clause 4A whether cross-border data transfers to group entities are covered or excluded.,kindly clarify under clause 4a whether crossborder data transfers to group entities are covered or excluded.,0.6,Support
C-038,Citizen,Section 12,"Our organization welcomes Section 12, as it strengthens board-level accountability for data breaches.","our organization welcomes section 12, as it strengthens boardlevel accountability for data breaches.",0.0,Neutral / Clarification
C-039,Corporate Lawyer,Clause 9(b),Clause 9(b) would benefit from a standardized reporting template to ensure consistency across filings.,clause 9b would benefit from a standardized reporting template to ensure consistency across filings.,0.0,Neutral / Clarification
C-040,NGO,Section 12,We suggest that Section 12 explicitly reference the applicable grievance redressal mechanism for affected individuals.,we suggest that section 12 explicitly reference the applicable grievance redressal mechanism for affected individuals.,0.0,Amendment Suggestion
C-041,Enterprise,General,A carve-out for micro-enterprises should be introduced under General to prevent disproportionate impact.,a carveout for microenterprises should be introduced under general to prevent disproportionate impact.,0.05,Neutral / Clarification
C-042,NGO,General,"As a long-time observer of corporate governance issues, I appreciate that General finally addresses accountability gaps.","as a longtime observer of corporate governance issues, i appreciate that general finally addresses accountability gaps.",0.02,Neutral / Clarification
C-043,Corporate Lawyer,Clause 4A,Clause 4A imposes an unreasonable compliance burden on small and medium enterprises without adequate justification.,clause 4a imposes an unreasonable compliance burden on small and medium enterprises without adequate justification.,0.04,Neutral / Clarification
C-044,Corporate Lawyer,Section 12,This is a welcome step; Section 12 will help protect the personal data of ordinary citizens like me.,this is a welcome step section 12 will help protect the personal data of ordinary citizens like me.,0.18,Support
C-045,Citizen,Section 12,I fully support Section 12 as it brings much-needed transparency to corporate reporting practices.,i fully support section 12 as it brings muchneeded transparency to corporate reporting practices.,0.0,Neutral / Clarification
C-046,Enterprise,Clause 4A,We suggest that Clause 4A explicitly reference the applicable grievance redressal mechanism for affected individuals.,we suggest that clause 4a explicitly reference the applicable grievance redressal mechanism for affected individuals.,0.0,Amendment Suggestion
C-047,Enterprise,General,"General strikes a fair balance between compliance burden and data protection, and should be retained as drafted.","general strikes a fair balance between compliance burden and data protection, and should be retained as drafted.",0.38,Support
C-048,NGO,Section 12,We are concerned that Section 12 grants excessive discretionary power to regulators without sufficient checks.,we are concerned that section 12 grants excessive discretionary power to regulators without sufficient checks.,-0.25,Oppose
C-049,Corporate Lawyer,Clause 4A,Clause 4A is a progressive move that will build public trust in how companies handle consumer data.,clause 4a is a progressive move that will build public trust in how companies handle consumer data.,0.0,Neutral / Clarification
C-050,Enterprise,General,General as currently worded may conflict with existing sector-specific data protection frameworks.,general as currently worded may conflict with existing sectorspecific data protection frameworks.,0.03,Neutral / Clarification
